AAs;Molecular weight;Isoelectric point;Hydrophobicity;Potential side chain H-bonds;polarity;R-group Structure;Charge;Essentiality;Side chain flexibility;chemical group in the side chain;;;;;;;;;;;;;;;
A;71;6;0,806;0;Nonpolar;Aliphatic;;Non essential;Limited;Methylene;;;;;;;;;;;;;;;
C;103;5;0,721;0;Polar;Aliphatic;Uncharged;Non essential;Low;Sulfur;;;;;;;;;;;;;;;
D;115;3;0,417;4;Polar;Aliphatic;Negative charge;Non essential;Moderate;Methylene;;;;;;;;;;;;;;;
E;129;3,2;0,458;4;Polar;Aliphatic;Negative charge;Non essential;High;Methylene;;;;;;;;;;;;;;;
F;147;5,5;0,951;0;Nonpolar;Aromatic;;Essential;Moderate;Methylene;;;;;;;;;;;;;;;
G;57;6;0,77;0;Nonpolar;Aliphatic;;Non essential;No;Methylene;;;;;;;;;;;;;;;
H;137;7,6;0,548;3;Polar;Aromatic;Positive charge;Essential;Moderate;Methylene;;;;;;;;;;;;;;;
I;113;6;1;0;Nonpolar;Aliphatic;;Essential;Moderate;Methylene;;;;;;;;;;;;;;;
K;128;9,7;0,263;3;Polar;Aliphatic;Positive charge;Essential;High;Methylene;;;;;;;;;;;;;;;
L;113;6;0,918;0;Nonpolar;Aliphatic;;Essential;Moderate;Methylene;;;;;;;;;;;;;;;
M;131;5,7;0,811;0;Nonpolar;Aliphatic;;Essential;High;Sulfur;;;;;;;;;;;;;;;
N;114;5,4;0,448;5;Polar;Aliphatic;Uncharged;Non essential;Moderate;Amide;;;;;;;;;;;;;;;
P;97;6,3;0,678;0;Nonpolar;Cyclic;;Non essential;Restricted;Methylene;;;;;;;;;;;;;;;
Q;128;5,7;0,43;5;Polar;Aliphatic;Uncharged;Non essential;High;Amide;;;;;;;;;;;;;;;
R;156;10,8;0;7;Polar;Aliphatic;Positive charge;Essential;High;Methylene;;;;;;;;;;;;;;;
S;87;5,7;0,601;3;Polar;Aliphatic;Uncharged;Non essential;Low;Hydroxyl;;;;;;;;;;;;;;;
T;101;5,6;0,634;3;Polar;Aliphatic;Uncharged;Essential;Low;Hydroxyl;;;;;;;;;;;;;;;
V;99;6;0,923;0;Nonpolar;Aliphatic;;Essential;Low;Methylene;;;;;;;;;;;;;;;
W;186;5,9;0,854;1;Nonpolar;Aromatic;;Essential;Moderate;Methylene;;;;;;;;;;;;;;;
Y;163;5,7;0,714;3;Polar;Aromatic;Uncharged;Non essential;Moderate;Hydroxyl;;;;;;;;;;;;;;;