product;type;original;position;alternative;effect;level;method;uri;citation;type;publisher
N (nucleocapsid phosphoprotein)/N (nucleocapsid phosphoprotein);SUB/SUB;R/G;203/204;K/R;intraviral_protein_protein_interaction;higher;computational;https://doi.org/10.1002/jmv.26597;Wu et al. (2020);published;Journal of medical virology
N (nucleocapsid phosphoprotein)/N (nucleocapsid phosphoprotein);SUB/SUB;R/G;203/204;K/R;viral_transmission;higher;inferred;https://doi.org/10.1002/jmv.26597;Wu et al. (2020);published;Journal of medical virology
N (nucleocapsid phosphoprotein)/N (nucleocapsid phosphoprotein);SUB/SUB;D/T;103/165;T/I;protein_stability;higher;computational;https://doi.org/10.1002/jmv.26626;Rahman et al. (2020);published;Journal of medical virology
N (nucleocapsid phosphoprotein)/N (nucleocapsid phosphoprotein);SUB/SUB;G/N;97/140;S/T;protein_stability;higher;computational;https://doi.org/10.1002/jmv.26626;Rahman et al. (2020);published;Journal of medical virology
N (nucleocapsid phosphoprotein)/N (nucleocapsid phosphoprotein);SUB/SUB;R/D;93/103;L/Y;protein_stability;higher;computational;https://doi.org/10.1002/jmv.26626;Rahman et al. (2020);published;Journal of medical virology
N (nucleocapsid phosphoprotein)/N (nucleocapsid phosphoprotein);SUB/SUB;A/D;55/103;S/Y;protein_stability;lower;computational;https://doi.org/10.1002/jmv.26626;Rahman et al. (2020);published;Journal of medical virology
N (nucleocapsid phosphoprotein)/N (nucleocapsid phosphoprotein);SUB/SUB;R/G;203/204;K/R;protein_stability;lower;computational;https://doi.org/10.1002/jmv.26626;Rahman et al. (2020);published;Journal of medical virology
N (nucleocapsid phosphoprotein)/N (nucleocapsid phosphoprotein);SUB/SUB;D/A;103/119;Y/P;protein_stability;null;computational;https://doi.org/10.1002/jmv.26626;Rahman et al. (2020);published;Journal of medical virology
Spike (surface glycoprotein)/Spike (surface glycoprotein);SUB/SUB;D/D;614/936;G/Y;infectivity;higher;experimental;https://doi.org/10.1016/j.cell.2020.07.012;Li et al. (2020);published;Cell
Spike (surface glycoprotein)/Spike (surface glycoprotein);SUB/SUB;D/I;614/472;G/V;infectivity;higher;experimental;https://doi.org/10.1016/j.cell.2020.07.012;Li et al. (2020);published;Cell
Spike (surface glycoprotein)/Spike (surface glycoprotein);SUB/SUB;D/K;614/458;G/R;infectivity;higher;experimental;https://doi.org/10.1016/j.cell.2020.07.012;Li et al. (2020);published;Cell
Spike (surface glycoprotein)/Spike (surface glycoprotein);SUB/SUB;D/L;614/5;G/F;infectivity;higher;experimental;https://doi.org/10.1016/j.cell.2020.07.012;Li et al. (2020);published;Cell
Spike (surface glycoprotein)/Spike (surface glycoprotein);SUB/SUB;D/P;614/1263;G/L;infectivity;higher;experimental;https://doi.org/10.1016/j.cell.2020.07.012;Li et al. (2020);published;Cell
Spike (surface glycoprotein)/Spike (surface glycoprotein);SUB/SUB;D/S;614/939;G/F;infectivity;higher;experimental;https://doi.org/10.1016/j.cell.2020.07.012;Li et al. (2020);published;Cell
Spike (surface glycoprotein)/Spike (surface glycoprotein);SUB/SUB;D/S;614/943;G/T;infectivity;higher;experimental;https://doi.org/10.1016/j.cell.2020.07.012;Li et al. (2020);published;Cell
Spike (surface glycoprotein)/Spike (surface glycoprotein);SUB/SUB;D/V;614/341;G/I;infectivity;higher;experimental;https://doi.org/10.1016/j.cell.2020.07.012;Li et al. (2020);published;Cell
Spike (surface glycoprotein)/Spike (surface glycoprotein);SUB/SUB;D/A;614/831;G/V;sensitivity_to_convalescent_sera;lower;experimental;https://doi.org/10.1016/j.cell.2020.07.012;Li et al. (2020);published;Cell
Spike (surface glycoprotein)/Spike (surface glycoprotein);SUB/SUB;D/A;614/879;G/S;sensitivity_to_convalescent_sera;lower;experimental;https://doi.org/10.1016/j.cell.2020.07.012;Li et al. (2020);published;Cell
Spike (surface glycoprotein)/Spike (surface glycoprotein);SUB/SUB;D/A;614/435;G/S;sensitivity_to_neutralizing_mAbs;lower;experimental;https://doi.org/10.1016/j.cell.2020.07.012;Li et al. (2020);published;Cell
Spike (surface glycoprotein)/Spike (surface glycoprotein);SUB/SUB;D/I;614/472;G/V;sensitivity_to_convalescent_sera;lower;experimental;https://doi.org/10.1016/j.cell.2020.07.012;Li et al. (2020);published;Cell
Spike (surface glycoprotein)/Spike (surface glycoprotein);SUB/SUB;D/I;614/472;G/V;sensitivity_to_neutralizing_mAbs;lower;experimental;https://doi.org/10.1016/j.cell.2020.07.012;Li et al. (2020);published;Cell
Spike (surface glycoprotein)/Spike (surface glycoprotein);SUB/SUB;D/M;614/1237;G/I;sensitivity_to_convalescent_sera;lower;experimental;https://doi.org/10.1016/j.cell.2020.07.012;Li et al. (2020);published;Cell
Spike (surface glycoprotein)/Spike (surface glycoprotein);SUB/SUB;D/Q;614/675;G/H;infectivity;lower;experimental;https://doi.org/10.1016/j.cell.2020.07.012;Li et al. (2020);published;Cell
Spike (surface glycoprotein)/Spike (surface glycoprotein);SUB/SUB;D/Q;614/321;G/L;sensitivity_to_convalescent_sera;lower;experimental;https://doi.org/10.1016/j.cell.2020.07.012;Li et al. (2020);published;Cell
Spike (surface glycoprotein)/Spike (surface glycoprotein);SUB/SUB;N/N;331/343;Q/Q;infectivity;lower;experimental;https://doi.org/10.1016/j.cell.2020.07.012;Li et al. (2020);published;Cell
Spike (surface glycoprotein)/Spike (surface glycoprotein)/Spike (surface glycoprotein);DEL/DEL/DEL;T/K/L;385/386/387;-/-/-;infectivity;lower;experimental;https://doi.org/10.1016/j.cell.2020.07.012;Li et al. (2020);published;Cell
Spike (surface glycoprotein)/Spike (surface glycoprotein)/Spike (surface glycoprotein);SUB/SUB/SUB;K/E/N;417/484/501;N/K/Y;binding_to_host_receptor;higher;experimental;https://doi.org/10.1016/j.cell.2021.02.037;Zhou et al. (20201);published;Cell
Spike (surface glycoprotein)/Spike (surface glycoprotein);DEL/DEL;H/V;69/70;-/-;infectivity;higher;experimental;https://doi.org/10.1016/j.celrep.2021.109292;Meng et al. (2021);published;Cell reports
Spike (surface glycoprotein)/Spike (surface glycoprotein);DEL/DEL;H/V;69/70;-/-;sensitivity_to_neutralizing_mAbs;null;experimental;https://doi.org/10.1016/j.celrep.2021.109292;Meng et al. (2021);published;Cell reports
Spike (surface glycoprotein)/Spike (surface glycoprotein);DEL/DEL;H/V;69/70;-/-;sensitivity_to_convalescent_sera;null;experimental;https://doi.org/10.1016/j.celrep.2021.109292;Meng et al. (2021);published;Cell reports
Spike (surface glycoprotein)/NSP12 (RNA-dependent RNA polymerase);SUB/SUB;D/P;614/322;G/L;viral_load;higher;epidemiological;https://doi.org/10.1016/j.ebiom.2020.103112;Lorenzo-Redondo et al. (2020);published;EBioMedicine
NSP1 (leader protein)/NSP3;SUB/SUB;D/P;75/153;E/L;disease_severity;null;epidemiological;https://doi.org/10.1016/j.ebiom.2020.103112;Lorenzo-Redondo et al. (2020);published;EBioMedicine
Spike (surface glycoprotein)/Spike (surface glycoprotein)/Spike (surface glycoprotein)/Spike (surface glycoprotein)/Spike (surface glycoprotein)/Spike (surface glycoprotein)/Spike (surface glycoprotein)/Spike (surface glycoprotein)/Spike (surface glycoprotein)/Spike (surface glycoprotein);DEL/DEL/DEL/SUB/SUB/SUB/SUB/SUB/SUB/SUB;H/V/Y/N/A/D/P/T/S/D;60/70/144/501/570/614/681/716/982/1118;-/-/-/Y/D/G/H/I/A/H;sensitivity_to_convalescent_sera;lower;experimental;https://doi.org/10.1038/s41423-021-00648-1;Hu et al. (2021);published;Nature
Spike (surface glycoprotein)/Spike (surface glycoprotein)/Spike (surface glycoprotein)/Spike (surface glycoprotein)/Spike (surface glycoprotein)/Spike (surface glycoprotein)/Spike (surface glycoprotein)/Spike (surface glycoprotein)/Spike (surface glycoprotein)/Spike (surface glycoprotein);DEL/DEL/DEL/SUB/SUB/SUB/SUB/SUB/SUB/SUB;H/V/Y/N/A/D/P/T/S/D;60/70/144/501/570/614/681/716/982/1118;-/-/-/Y/D/G/H/I/A/H;infectivity;higher;experimental;https://doi.org/10.1038/s41423-021-00648-1;Hu et al. (2021);published;Nature
Spike (surface glycoprotein)/Spike (surface glycoprotein)/Spike (surface glycoprotein)/Spike (surface glycoprotein)/Spike (surface glycoprotein)/Spike (surface glycoprotein)/Spike (surface glycoprotein)/Spike (surface glycoprotein)/Spike (surface glycoprotein)/Spike (surface glycoprotein);DEL/DEL/DEL/SUB/SUB/SUB/SUB/SUB/SUB/SUB;H/V/Y/N/A/D/P/T/S/D;60/70/144/501/570/614/681/716/982/1118;-/-/-/Y/D/G/H/I/A/H;sensitivity_to_neutralizing_mAbs;lower;experimental;https://doi.org/10.1038/s41423-021-00648-1;Hu et al. (2021);published;Nature
Spike (surface glycoprotein)/Spike (surface glycoprotein)/Spike (surface glycoprotein)/Spike (surface glycoprotein);SUB/SUB/SUB/SUB;K/E/N/D;417/484/501/614;N/K/Y/G;infectivity;higher;experimental;https://doi.org/10.1038/s41423-021-00648-1;Hu et al. (2021);published;Nature
Spike (surface glycoprotein)/Spike (surface glycoprotein)/Spike (surface glycoprotein)/Spike (surface glycoprotein);SUB/SUB/SUB/SUB;K/E/N/D;417/484/501/614;N/K/Y/G;sensitivity_to_convalescent_sera;lower;experimental;https://doi.org/10.1038/s41423-021-00648-1;Hu et al. (2021);published;Nature
Spike (surface glycoprotein)/Spike (surface glycoprotein)/Spike (surface glycoprotein)/Spike (surface glycoprotein);SUB/SUB/SUB/SUB;K/E/N/D;417/484/501/614;N/K/Y/G;sensitivity_to_neutralizing_mAbs;lower;experimental;https://doi.org/10.1038/s41423-021-00648-1;Hu et al. (2021);published;Nature
Spike (surface glycoprotein)/Spike (surface glycoprotein);DEL/DEL;H/V;69/70;-/-;infectivity;higher;experimental;https://doi.org/10.1038/s41586-021-03291-y;Kemp et al. (2021);published;Nature
Spike (surface glycoprotein)/Spike (surface glycoprotein);DEL/DEL;H/V;69/70;-/-;sensitivity_to_neutralizing_mAbs;lower;experimental;https://doi.org/10.1038/s41586-021-03291-y;Kemp et al. (2021);published;Nature
Spike (surface glycoprotein)/Spike (surface glycoprotein)/Spike (surface glycoprotein);DEL/DEL/SUB;H/V/D;69/70/796;-/-/H;sensitivity_to_convalescent_sera;lower;experimental;https://doi.org/10.1038/s41586-021-03291-y;Kemp et al. (2021);published;Nature
Spike (surface glycoprotein)/Spike (surface glycoprotein)/Spike (surface glycoprotein);DEL/DEL/SUB;H/V/D;69/70/796;-/-/H;sensitivity_to_neutralizing_mAbs;lower;experimental;https://doi.org/10.1038/s41586-021-03291-y;Kemp et al. (2021);published;Nature
Spike (surface glycoprotein)/Spike (surface glycoprotein);DEL/DEL;H/V;69/70;-/-;sensitivity_to_convalescent_sera;null;experimental;https://doi.org/10.1038/s41586-021-03291-y;Kemp et al. (2021);published;Nature
Spike (surface glycoprotein)/Spike (surface glycoprotein)/Spike (surface glycoprotein);DEL/DEL/SUB;H/V/D;69/70/796;-/-/H;infectivity;null;experimental;https://doi.org/10.1038/s41586-021-03291-y;Kemp et al. (2021);published;Nature
Spike (surface glycoprotein)/Spike (surface glycoprotein)/Spike (surface glycoprotein);SUB/SUB/SUB;K/E/N;417/484/501;N/K/Y;sensitivity_to_vaccine_sera;lower;experimental;https://doi.org/10.1038/s41586-021-03324-6;Wang et al. (2021);published;Nature
N (nucleocapsid phosphoprotein)/N (nucleocapsid phosphoprotein);SUB/SUB;R/G;203/204;K/R;fatality_rate;higher;epidemiological;https://doi.org/10.1101/2020.10.23.20218511;Farkas et al. (2020);preprint;medRxiv
Spike (surface glycoprotein)/Spike (surface glycoprotein);SUB/SUB;A/D;222/614;V/G;sensitivity_to_convalescent_sera;null;experimental;https://doi.org/10.1101/2020.10.25.20219063;Hodcroft et al. (2020);preprint;medRxiv
Spike (surface glycoprotein)/Spike (surface glycoprotein);SUB/SUB;Q/N;498/501;R/Y;binding_to_host_receptor;higher;experimental;https://doi.org/10.1038/s41564-021-00954-4;Zahradn?k et al. (2021);published;Nature
Spike (surface glycoprotein)/Spike (surface glycoprotein)/Spike (surface glycoprotein);SUB/SUB/SUB;E/Q/N;484/498/501;K/R/Y;binding_to_host_receptor;higher;experimental;https://doi.org/10.1038/s41564-021-00954-4;Zahradn?k et al. (2021);published;Nature
N (nucleocapsid phosphoprotein)/N (nucleocapsid phosphoprotein);SUB/SUB;R/G;203/204;K/R;disease_severity;higher;epidemiological;https://doi.org/10.1101/2021.05.24.445386;Wu et al. (2021);preprint;bioRxiv
N (nucleocapsid phosphoprotein)/N (nucleocapsid phosphoprotein);SUB/SUB;R/G;203/204;K/R;infectivity;higher;experimental;https://doi.org/10.1101/2021.05.24.445386;Wu et al. (2021);preprint;bioRxiv
N (nucleocapsid phosphoprotein)/N (nucleocapsid phosphoprotein);SUB/SUB;R/G;203/204;K/R;viral_transmission;higher;inferred;https://doi.org/10.1101/2021.05.24.445386;Wu et al. (2021);preprint;bioRxiv
N (nucleocapsid phosphoprotein)/N (nucleocapsid phosphoprotein);SUB/SUB;R/G;203/204;K/R;viral_virulence;higher;inferred;https://doi.org/10.1101/2021.05.24.445386;Wu et al. (2021);preprint;bioRxiv
Spike (surface glycoprotein)/Spike (surface glycoprotein);SUB/SUB;N/D;354/364;D/Y;protein_stability;higher;computational;https://doi.org/10.1101/JVI.00617-21;Ou et al. (2021);published;Journal of virology
Spike (surface glycoprotein)/Spike (surface glycoprotein);SUB/SUB;N/D;354/364;D/Y;protein_flexibility;lower;computational;https://doi.org/10.1101/JVI.00617-21;Ou et al. (2021);published;Journal of virology
Spike (surface glycoprotein)/Spike (surface glycoprotein);SUB/SUB;D/V;614/367;G/F;infectivity;higher;inferred;https://doi.org/10.1101/JVI.00617-21;Ou et al. (2021);published;Journal of virology
Spike (surface glycoprotein)/Spike (surface glycoprotein);SUB/SUB;N/D;354/364;D/Y;binding_to_host_receptor;higher;computational;https://doi.org/10.1128/JVI.00617-21;Ou et al. (2021);published;Journal of virology
Spike (surface glycoprotein)/Spike (surface glycoprotein)/Spike (surface glycoprotein);DEL/DEL/DEL;H/V/Y;69/70/144;`-/-/-;binding_to_Abs;lower;computational;https://doi.org/10.3390/v13030439;Singh et al. (2021);published;Viruses
Spike (surface glycoprotein)/Spike (surface glycoprotein);DEL/DEL;H/V;69/70;-/-;effectiveness_of_available_diagnostics;lower;epidemiological;https://doi:10.1001/jama.2021.5607;Brown et al. (2021);published;JAMA
NSP6/NSP6;SUB/SUB;I/E;168/802;T/A;effectiveness_of_available_antiviral_drugs;null;experimental;https://doi.org/10.1371/journal.ppat.1009929;Szemiel et al. (2021);published;PLoS pathogens
